<?xml version="1.0" encoding="utf-8" ?>
<!DOCTYPE book SYSTEM "book.dtd">

<book xmlns:xi="http://www.w3.org/2001/XInclude">
  <header titlestyle="normal">
    <copyright>
      <year>1997</year><year>2013</year>
      <holder>Ericsson AB. All Rights Reserved.</holder>
    </copyright>
    <legalnotice>
      The contents of this file are subject to the Erlang Public License,
      Version 1.1, (the "License"); you may not use this file except in
      compliance with the License. You should have received a copy of the
      Erlang Public License along with this software. If not, it can be
      retrieved online at http://www.erlang.org/.
    
      Software distributed under the License is distributed on an "AS IS"
      basis, WITHOUT WARRANTY OF ANY KIND, either express or implied. See
      the License for the specific language governing rights and limitations
      under the License.
    
    </legalnotice>

    <title>Erlang Run-Time System Application (ERTS)</title>
    <prepared>Magnus Fr&ouml;berg</prepared>
    <docno></docno>
    <date>1997-05-02</date>
    <rev>4.5.2</rev>
    <file>book.xml</file>
  </header>
  <insidecover>
  </insidecover>
  <pagetext>Erlang Run-Time System Application (ERTS)</pagetext>
  <preamble>
    <contents level="2"></contents>
  </preamble>
  <parts lift="no">
    <xi:include href="part.xml"/>
  </parts>
  <applications>
    <xi:include href="ref_man.xml"/>
  </applications>
  <releasenotes>
    <xi:include href="notes.xml"/>
  </releasenotes>
  <listofterms></listofterms>
  <index></index>
</book>

