<?xml version="1.0" encoding="utf-8" ?>
<!DOCTYPE fascicules SYSTEM "fascicules.dtd">

<fascicules>
  <fascicule file="part" href="part_frame.html" entry="no">
    ERTS User's Guide
  </fascicule>
  <fascicule file="ref_man" href="ref_man_frame.html" entry="yes">
    ERTS Reference Manual
  </fascicule>
  <fascicule file="part_notes" href="part_notes_frame.html" entry="no">
    Release Notes
  </fascicule>
  <fascicule file="" href="../../../doc/print.html" entry="no">
    Off-Print
  </fascicule>
</fascicules>

