<?xml version="1.0" encoding="utf-8" ?>
<!DOCTYPE part SYSTEM "part.dtd">

<part xmlns:xi="http://www.w3.org/2001/XInclude">
  <header>
    <copyright>
      <year>2004</year><year>2013</year>
      <holder>Ericsson AB. All Rights Reserved.</holder>
    </copyright>
    <legalnotice>
      The contents of this file are subject to the Erlang Public License,
      Version 1.1, (the "License"); you may not use this file except in
      compliance with the License. You should have received a copy of the
      Erlang Public License along with this software. If not, it can be
      retrieved online at http://www.erlang.org/.
    
      Software distributed under the License is distributed on an "AS IS"
      basis, WITHOUT WARRANTY OF ANY KIND, either express or implied. See
      the License for the specific language governing rights and limitations
      under the License.
    
    </legalnotice>

    <title>ERTS Release Notes</title>
    <prepared></prepared>
    <docno></docno>
    <date>2004-09-07</date>
    <rev>1.0</rev>
  </header>
  <description>
    <p>The Erlang Runtime System application <em>ERTS</em>.</p>
    <p>For information about older versions, see
      <url href="part_notes_history_frame.html">Release Notes History</url>.</p>
  </description>
  <xi:include href="notes.xml"/>
</part>

